"","Force.type","Force.level","year.of.record"
"1","Firearm Exhibited","L1",2015
"2","Taser No-Hit","L2",2015
"3","Firearm Exhibited","L1",2015
"4","Firearm Exhibited","L1",2015
"5","Firearm Exhibited","L1",2015
"6","Firearm Exhibited","L1",2015
"7","Taser No-Hit","L2",2015
"8","Canine (No Bite)","L1",2015
"9","Firearm Exhibited","L1",2015
"10","Firearm Exhibited","L1",2015
"11","Defense Tech / Take-down","L2",2015
"12","Hands / Escort tech","L1",2015
"13","Hands / Escort tech","L1",2015
"14","Taser No-Hit","L2",2015
"15","Hands / Escort tech","L1",2015
"16","Canine (No Bite)","L1",2015
"17","Firearm Exhibited","L1",2015
"18","Taser Exhibited ","L1",2015
"19","Canine (No Bite)","L1",2015
"20","Firearm Discharged","L4",2015
"21","Firearm Exhibited","L1",2015
"22","Firearm Exhibited","L1",2015
"23","Firearm Exhibited","L1",2015
"24","Firearm Exhibited","L1",2015
"25","Firearm Discharged","L4",2015
"26","Taser No-Hit","L2",2015
"27","Firearm Exhibited","L1",2015
"28","Hands / Escort tech","L1",2015
"29","Hands / Escort tech","L1",2015
"30","Hands / Escort tech","L1",2015
"31","Hands / Escort tech","L1",2015
"32","Firearm Exhibited","L1",2015
"33","Firearm Exhibited","L1",2015
"34","Firearm Exhibited","L1",2015
"35","Firearm Exhibited","L1",2015
"36","Firearm Exhibited","L1",2015
"37","Firearm Exhibited","L1",2015
"38","Firearm Exhibited","L1",2015
"39","Firearm Exhibited","L1",2015
"40","Firearm Exhibited","L1",2015
"41","Firearm Exhibited","L1",2015
"42","Firearm Exhibited","L1",2015
"43","Firearm Exhibited","L1",2015
"44","Firearm Exhibited","L1",2015
"45","Firearm Exhibited","L1",2015
"46","Firearm Exhibited","L1",2015
"47","Firearm Exhibited","L1",2015
"48","Firearm Exhibited","L1",2015
"49","Firearm Exhibited","L1",2015
"50","Firearm Exhibited","L1",2015
"51","Firearm Exhibited","L1",2015
"52","Firearm Exhibited","L1",2015
"53","Hands / Escort tech","L1",2015
"54","Hands / Escort tech","L1",2015
"55","Taser No-Hit","L2",2015
"56","Taser Exhibited ","L1",2015
"57","Firearm Exhibited","L1",2015
"58","Canine (No Bite)","L1",2015
"59","Firearm Exhibited","L1",2015
"60","Firearm Exhibited","L1",2015
"61","Firearm Exhibited","L1",2015
"62","Firearm Exhibited","L1",2015
"63","Hands / Escort tech","L1",2015
"64","Firearm Exhibited","L1",2015
"65","Hands / Escort tech","L1",2015
"66","Hands / Escort tech","L1",2015
"67","Hands / Escort tech","L1",2015
"68","Hands / Escort tech","L1",2015
"69","Firearm Exhibited","L1",2015
"70","Firearm Exhibited","L1",2015
"71","Firearm Exhibited","L1",2015
"72","Firearm Exhibited","L1",2015
"73","Firearm Exhibited","L1",2015
"74","Firearm Exhibited","L1",2015
"75","Firearm Exhibited","L1",2015
"76","Firearm Exhibited","L1",2015
"77","Firearm Exhibited","L1",2015
"78","Firearm Exhibited","L1",2015
"79","Firearm Exhibited","L1",2015
"80","Firearm Exhibited","L1",2015
"81","Firearm Exhibited","L1",2015
"82","Taser No-Hit","L2",2015
"83","Hands / Escort tech","L1",2015
"84","Hands / Escort tech","L1",2015
"85","Hands / Escort tech","L1",2015
"86","Taser Exhibited ","L1",2015
"87","Taser Exhibited ","L1",2015
"88","Hands / Escort tech","L1",2015
"89","Hands / Escort tech","L1",2015
"90","Taser No-Hit","L2",2015
"91","Taser No-Hit","L2",2015
"92","Firearm Exhibited","L1",2015
"93","Firearm Exhibited","L1",2015
"94","Canine (No Bite)","L1",2015
"95","Canine (No Bite)","L1",2015
"96","Hands / Escort tech","L1",2015
"97","Hands / Escort tech","L1",2015
"98","Hands / Escort tech","L1",2015
"99","Hands / Escort tech","L1",2015
"100","Hands / Escort tech","L1",2015
"101","Taser No-Hit","L2",2015
"102","Firearm Exhibited","L1",2015
"103","Taser Exhibited ","L1",2015
"104","Firearm Exhibited","L1",2015
"105","Firearm Exhibited","L1",2015
"106","Firearm Exhibited","L1",2015
"107","Firearm Exhibited","L1",2015
"108","Firearm Exhibited","L1",2015
"109","Firearm Exhibited","L1",2015
"110","Firearm Exhibited","L1",2015
"111","Firearm Exhibited","L1",2015
"112","Firearm Exhibited","L1",2015
"113","Firearm Exhibited","L1",2015
"114","Firearm Exhibited","L1",2015
"115","Firearm Exhibited","L1",2015
"116","Hands / Escort tech","L1",2015
"117","Defense Tech / Take-down","L2",2015
"118","Hands / Escort tech","L1",2015
"119","Defense Tech / Take-down","L2",2015
"120","Firearm Exhibited","L1",2015
"121","Hands / Escort tech","L1",2015
"122","Defense Tech / Take-down","L2",2015
"123","Hands / Escort tech","L1",2015
"124","Defense Tech / Take-down","L2",2015
"125","Hands / Escort tech","L1",2015
"126","Hands / Escort tech","L1",2015
"127","Firearm Exhibited","L1",2015
"128","Canine (No Bite)","L1",2015
"129","Hands / Escort tech","L1",2015
"130","Hands / Escort tech","L1",2015
"131","Defense Tech / Take-down","L2",2015
"132","Taser No-Hit","L2",2015
"133","Firearm Exhibited","L1",2015
"134","Defense Tech / Take-down","L2",2015
"135","Defense Tech / Take-down","L2",2015
"136","Defense Tech / Take-down","L2",2015
"137","Taser No-Hit","L2",2015
"138","Firearm Exhibited","L1",2015
"139","Hands / Escort tech","L1",2015
"140","Hands / Escort tech","L1",2015
"141","Firearm Exhibited","L1",2015
"142","Hands / Escort tech","L1",2015
"143","Firearm Exhibited","L1",2015
"144","Taser No-Hit","L2",2015
"145","Defense Tech / Take-down","L2",2015
"146","Firearm Exhibited","L1",2015
"147","Firearm Exhibited","L1",2015
"148","Firearm Exhibited","L1",2015
"149","Firearm Exhibited","L1",2015
"150","Hands / Escort tech","L1",2015
"151","Hands / Escort tech","L1",2015
"152","Hands / Escort tech","L1",2015
"153","Taser No-Hit","L2",2015
"154","Defense Tech / Take-down","L2",2015
"155","Canine (No Bite)","L1",2015
"156","Taser No-Hit","L2",2015
"157","Taser No-Hit","L2",2015
"158","Firearm Exhibited","L1",2015
"159","Firearm Exhibited","L1",2015
"160","Hands / Escort tech","L1",2015
"161","Firearm Exhibited","L1",2015
"162","Hands / Escort tech","L1",2015
"163","Hands / Escort tech","L1",2015
"164","Baton Miss","L2",2015
"165","Baton Miss","L2",2015
"166","Hands / Escort tech","L1",2015
"167","Hands / Escort tech","L1",2015
"168","Hands / Escort tech","L1",2015
"169","Hands / Escort tech","L1",2015
"170","Hands / Escort tech","L1",2015
"171","Hands / Escort tech","L1",2015
"172","Firearm Exhibited","L1",2015
"173","Hands / Escort tech","L1",2015
"174","Taser Exhibited ","L1",2015
"175","Firearm Exhibited","L1",2015
"176","Firearm Exhibited","L1",2015
"177","Taser No-Hit","L2",2015
"178","Taser No-Hit","L2",2015
"179","Firearm Exhibited","L1",2015
"180","Hands / Escort tech","L1",2015
"181","Hands / Escort tech","L1",2015
"182","Hands / Escort tech","L1",2015
"183","Taser Hit","L4",2015
"184","Hands / Escort tech","L1",2015
"185","Hands / Escort tech","L1",2015
"186","Hands / Escort tech","L1",2015
"187","Hands / Escort tech","L1",2015
"188","Defense Tech / Take-down","L2",2015
"189","Not reported","Not reported",2015
"190","Taser No-Hit","L2",2015
"191","Hands / Escort tech","L1",2015
"192","Defense Tech / Take-down","L2",2015
"193","Taser Exhibited ","L1",2015
"194","Hands / Escort tech","L1",2015
"195","Hands / Escort tech","L1",2015
"196","Hands / Escort tech","L1",2015
"197","Hands / Escort tech","L1",2015
"198","Taser Hit","L4",2015
"199","Hands / Escort tech","L1",2015
"200","Hands / Escort tech","L1",2015
"201","Taser No-Hit","L2",2015
"202","Hands / Escort tech","L1",2015
"203","Hands / Escort tech","L1",2015
"204","Taser Exhibited ","L1",2015
"205","Taser No-Hit","L2",2015
"206","Hands / Escort tech","L1",2015
"207","Defense Tech / Take-down","L2",2015
"208","Defense Tech / Take-down","L2",2015
"209","Taser Exhibited ","L1",2015
"210","Taser Exhibited ","L1",2015
"211","Firearm Exhibited","L1",2015
"212","Firearm Exhibited","L1",2015
"213","Hands / Escort tech","L1",2015
"214","Hands / Escort tech","L1",2015
"215","Taser Exhibited ","L1",2015
"216","Firearm Exhibited","L1",2015
"217","Hands / Escort tech","L1",2015
"218","Firearm Exhibited","L1",2015
"219","Firearm Exhibited","L1",2015
"220","Firearm Exhibited","L1",2015
"221","Firearm Exhibited","L1",2015
"222","Firearm Exhibited","L1",2015
"223","Firearm Exhibited","L1",2015
"224","Firearm Exhibited","L1",2015
"225","Firearm Exhibited","L1",2015
"226","Firearm Exhibited","L1",2015
"227","Firearm Exhibited","L1",2015
"228","Hands / Escort tech","L1",2015
"229","Defense Tech / Take-down","L2",2015
"230","Hands / Escort tech","L1",2015
"231","Hands / Escort tech","L1",2015
"232","Taser No-Hit","L2",2015
"233","Taser Exhibited ","L1",2015
"234","Taser Exhibited ","L1",2015
"235","Defense Tech / Take-down","L2",2015
"236","Hands / Escort tech","L1",2015
"237","Defense Tech / Take-down","L2",2015
"238","Firearm Exhibited","L1",2015
"239","Canine (No Bite)","L1",2015
"240","Taser Exhibited ","L1",2015
"241","Defense Tech / Take-down","L2",2015
"242","Defense Tech / Take-down","L2",2015
"243","Taser No-Hit","L2",2015
"244","Defense Tech / Take-down","L2",2015
"245","Defense Tech / Take-down","L2",2015
"246","Hands / Escort tech","L1",2015
"247","Hands / Escort tech","L1",2015
"248","Defense Tech / Take-down","L2",2015
"249","Hands / Escort tech","L1",2015
"250","Defense Tech / Take-down","L2",2015
"251","Hands / Escort tech","L1",2015
"252","Not reported","Not reported",2015
"253","Defense Tech / Take-down","L2",2015
"254","Taser Exhibited ","L1",2015
"255","Taser No-Hit","L2",2015
"256","Taser No-Hit","L2",2015
"257","Taser Exhibited ","L1",2015
"258","Defense Tech / Take-down","L2",2015
"259","Taser No-Hit","L2",2015
"260","Canine (Bite)","L4",2015
"261","Taser No-Hit","L2",2015
"262","Taser No-Hit","L2",2015
"263","Taser No-Hit","L2",2015
"264","Hands / Escort tech","L1",2015
"265","Hands / Escort tech","L1",2015
"266","Hands / Escort tech","L1",2015
"267","Hands / Escort tech","L1",2015
"268","Canine (No Bite)","L1",2015
"269","Taser No-Hit","L2",2015
"270","Taser Exhibited ","L1",2015
"271","Hands / Escort tech","L1",2015
"272","Hands / Escort tech","L1",2015
"273","Hands / Escort tech","L1",2015
"274","Hands / Escort tech","L1",2015
"275","Hands / Escort tech","L1",2015
"276","Firearm Exhibited","L1",2015
"277","Firearm Exhibited","L1",2015
"278","Firearm Exhibited","L1",2015
"279","Hands / Escort tech","L1",2015
"280","Hands / Escort tech","L1",2015
"281","Hands / Escort tech","L1",2015
"282","Hands / Escort tech","L1",2015
"283","Hands / Escort tech","L1",2015
"284","Firearm Exhibited","L1",2015
"285","Firearm Exhibited","L1",2015
"286","Firearm Exhibited","L1",2015
"287","Hands / Escort tech","L1",2015
"288","Hands / Escort tech","L1",2015
"289","Defense Tech / Take-down","L2",2015
"290","Taser Exhibited ","L1",2015
"291","Defense Tech / Take-down","L2",2015
"292","Defense Tech / Take-down","L2",2015
"293","Hands / Escort tech","L1",2015
"294","Taser No-Hit","L2",2015
"295","Firearm Exhibited","L1",2015
"296","Taser Exhibited ","L1",2015
"297","Canine (No Bite)","L1",2015
"298","Firearm Exhibited","L1",2015
"299","Taser No-Hit","L2",2015
"300","Hands / Escort tech","L1",2015
"301","Hands / Escort tech","L1",2015
"302","Hands / Escort tech","L1",2015
"303","Taser Exhibited ","L1",2015
"304","Hands / Escort tech","L1",2015
"305","Taser Exhibited ","L1",2015
"306","Defense Tech / Take-down","L2",2015
"307","Defense Tech / Take-down","L2",2015
"308","Taser No-Hit","L2",2015
"309","Defense Tech / Take-down","L2",2015
"310","Defense Tech / Take-down","L2",2015
"311","Taser No-Hit","L2",2015
"312","Taser Exhibited ","L1",2015
"313","Taser No-Hit","L2",2015
"314","Hands / Escort tech","L1",2015
"315","Hands / Escort tech","L1",2015
"316","Hands / Escort tech","L1",2015
"317","Firearm Exhibited","L1",2015
"318","Firearm Exhibited","L1",2015
"319","Firearm Exhibited","L1",2015
"320","Firearm Exhibited","L1",2015
"321","Defense Tech / Take-down","L2",2015
"322","Defense Tech / Take-down","L2",2015
"323","Hands / Escort tech","L1",2015
"324","Defense Tech / Take-down","L2",2015
"325","Hands / Escort tech","L1",2015
"326","Hands / Escort tech","L1",2015
"327","Firearm Exhibited","L1",2015
"328","Firearm Exhibited","L1",2015
"329","Firearm Exhibited","L1",2015
"330","Firearm Exhibited","L1",2015
"331","Firearm Exhibited","L1",2015
"332","Firearm Exhibited","L1",2015
"333","Firearm Exhibited","L1",2015
"334","Firearm Exhibited","L1",2015
"335","Firearm Exhibited","L1",2015
"336","Firearm Exhibited","L1",2015
"337","Defense Tech / Take-down","L2",2015
"338","Hands / Escort tech","L1",2015
"339","Hands / Escort tech","L1",2015
"340","Canine (Bite)","L4",2015
"341","Defense Tech / Take-down","L2",2015
"342","Defense Tech / Take-down","L2",2015
"343","Taser Exhibited ","L1",2015
"344","Firearm Exhibited","L1",2015
"345","Hands / Escort tech","L1",2015
"346","Hands / Escort tech","L1",2015
"347","Taser Exhibited ","L1",2015
"348","Taser Exhibited ","L1",2015
"349","Defense Tech / Take-down","L2",2015
"350","Defense Tech / Take-down","L2",2015
"351","Defense Tech / Take-down","L2",2015
"352","Hands / Escort tech","L1",2015
"353","Defense Tech / Take-down","L2",2015
"354","Taser No-Hit","L2",2015
"355","Taser Exhibited ","L1",2015
"356","Canine (No Bite)","L1",2015
"357","Canine (No Bite)","L1",2015
"358","Firearm Exhibited","L1",2015
"359","Firearm Exhibited","L1",2015
"360","Firearm Exhibited","L1",2015
"361","Firearm Exhibited","L1",2015
"362","Hands / Escort tech","L1",2015
"363","Taser Exhibited ","L1",2015
"364","Taser Exhibited ","L1",2015
"365","Defense Tech / Take-down","L2",2015
"366","Taser No-Hit","L2",2015
"367","Taser No-Hit","L2",2015
"368","Firearm Exhibited","L1",2015
"369","Firearm Exhibited","L1",2015
"370","Firearm Exhibited","L1",2015
"371","Firearm Exhibited","L1",2015
"372","Firearm Exhibited","L1",2015
"373","Firearm Exhibited","L1",2015
"374","Hands / Escort tech","L1",2015
"375","Taser Exhibited ","L1",2015
"376","Firearm Exhibited","L1",2015
"377","Hands / Escort tech","L1",2015
"378","Hands / Escort tech","L1",2015
"379","Taser Exhibited ","L1",2015
"380","Taser Exhibited ","L1",2015
"381","Taser Exhibited ","L1",2015
"382","Firearm Exhibited","L1",2015
"383","Firearm Exhibited","L1",2015
"384","Firearm Exhibited","L1",2015
"385","Firearm Exhibited","L1",2015
"386","Firearm Exhibited","L1",2015
"387","Firearm Exhibited","L1",2015
"388","Firearm Exhibited","L1",2015
"389","Firearm Exhibited","L1",2015
"390","Firearm Exhibited","L1",2015
"391","Firearm Exhibited","L1",2015
"392","Firearm Exhibited","L1",2015
"393","Firearm Exhibited","L1",2015
"394","Firearm Exhibited","L1",2015
"395","Hands / Escort tech","L1",2015
"396","Hands / Escort tech","L1",2015
"397","Hands / Escort tech","L1",2015
"398","Hands / Escort tech","L1",2015
"399","Defense Tech / Take-down","L2",2015
"400","Hands / Escort tech","L1",2015
"401","Hands / Escort tech","L1",2015
"402","Hands / Escort tech","L1",2015
"403","Hands / Escort tech","L1",2015
"404","Hands / Escort tech","L1",2015
"405","Hands / Escort tech","L1",2015
"406","Hands / Escort tech","L1",2015
"407","Hands / Escort tech","L1",2015
"408","Hands / Escort tech","L1",2015
"409","Hands / Escort tech","L1",2015
"410","Taser Exhibited ","L1",2015
"411","Hands / Escort tech","L1",2015
"412","Canine (Bite)","L4",2015
"413","Taser Exhibited ","L1",2015
"414","Firearm Exhibited","L1",2015
"415","Hands / Escort tech","L1",2015
"416","Firearm Exhibited","L1",2015
"417","Firearm Exhibited","L1",2015
"418","Firearm Exhibited","L1",2015
"419","Firearm Exhibited","L1",2015
"420","Hands / Escort tech","L1",2015
"421","Hands / Escort tech","L1",2015
"422","Canine (Bite)","L4",2015
"423","Hands / Escort tech","L1",2015
"424","Hands / Escort tech","L1",2015
"425","Hands / Escort tech","L1",2015
"426","Hands / Escort tech","L1",2015
"427","Firearm Discharged","L4",2015
"428","Taser No-Hit","L2",2015
"429","Firearm Exhibited","L1",2015
"430","Firearm Exhibited","L1",2015
"431","Firearm Exhibited","L1",2015
"432","Firearm Exhibited","L1",2015
"433","Firearm Discharged","L4",2015
"434","Firearm Discharged","L4",2015
"435","Firearm Discharged","L4",2015
"436","Firearm Discharged","L4",2015
"437","Firearm Exhibited","L1",2015
"438","Firearm Exhibited","L1",2015
"439","Defense Tech / Take-down","L2",2015
"440","Taser No-Hit","L2",2015
"441","Taser Exhibited ","L1",2015
"442","Hands / Escort tech","L1",2015
"443","Firearm Exhibited","L1",2015
"444","Firearm Exhibited","L1",2015
"445","Firearm Exhibited","L1",2015
"446","Firearm Exhibited","L1",2015
"447","Taser Exhibited ","L1",2015
"448","Taser Exhibited ","L1",2015
"449","Hands / Escort tech","L1",2015
"450","Hands / Escort tech","L1",2015
"451","Hands / Escort tech","L1",2015
"452","Firearm Exhibited","L1",2015
"453","Firearm Exhibited","L1",2015
"454","Hands / Escort tech","L1",2015
"455","Hands / Escort tech","L1",2015
"456","Firearm Exhibited","L1",2015
"457","Firearm Exhibited","L1",2015
"458","Firearm Exhibited","L1",2015
"459","Firearm Exhibited","L1",2015
"460","Firearm Exhibited","L1",2015
"461","Firearm Exhibited","L1",2015
"462","Firearm Exhibited","L1",2015
"463","Defense Tech / Take-down","L2",2015
"464","Firearm Exhibited","L1",2015
"465","Firearm Exhibited","L1",2015
"466","Firearm Exhibited","L1",2015
"467","Firearm Exhibited","L1",2015
"468","Firearm Exhibited","L1",2015
"469","Firearm Exhibited","L1",2015
"470","Firearm Exhibited","L1",2015
"471","Firearm Exhibited","L1",2015
"472","Taser Exhibited ","L1",2015
"473","Taser Exhibited ","L1",2015
"474","Firearm Exhibited","L1",2015
"475","Firearm Exhibited","L1",2015
"476","Firearm Exhibited","L1",2015
"477","Firearm Exhibited","L1",2015
"478","Canine (No Bite)","L1",2015
"479","Canine (No Bite)","L1",2015
"480","Firearm Exhibited","L1",2015
"481","Firearm Exhibited","L1",2015
"482","Firearm Exhibited","L1",2015
"483","Firearm Exhibited","L1",2015
"484","Firearm Exhibited","L1",2015
"485","Canine (No Bite)","L1",2015
"486","Canine (No Bite)","L1",2015
"487","Firearm Exhibited","L1",2015
"488","Firearm Exhibited","L1",2015
"489","Firearm Exhibited","L1",2015
"490","Defense Tech / Take-down","L2",2015
"491","Defense Tech / Take-down","L2",2015
"492","Baton Miss","L2",2015
"493","Hands / Escort tech","L1",2015
"494","Hands / Escort tech","L1",2015
"495","Hands / Escort tech","L1",2015
"496","Hands / Escort tech","L1",2015
"497","Firearm Exhibited","L1",2015
"498","Firearm Exhibited","L1",2015
"499","Firearm Exhibited","L1",2015
"500","Firearm Exhibited","L1",2015
"501","Firearm Exhibited","L1",2015
"502","Firearm Exhibited","L1",2015
"503","Firearm Exhibited","L1",2015
"504","Firearm Exhibited","L1",2015
"505","Firearm Exhibited","L1",2015
"506","Firearm Exhibited","L1",2015
"507","Firearm Exhibited","L1",2015
"508","Firearm Exhibited","L1",2015
"509","Firearm Exhibited","L1",2015
"510","Firearm Exhibited","L1",2015
"511","Canine (No Bite)","L1",2015
"512","Canine (No Bite)","L1",2015
"513","Canine (No Bite)","L1",2015
"514","Canine (No Bite)","L1",2015
"515","Canine (No Bite)","L1",2015
"516","Canine (No Bite)","L1",2015
"517","Canine (No Bite)","L1",2015
"518","Canine (No Bite)","L1",2015
"519","Firearm Exhibited","L1",2015
"520","Firearm Exhibited","L1",2015
"521","Defense Tech / Take-down","L2",2015
"522","Hands / Escort tech","L1",2015
"523","Firearm Exhibited","L1",2015
"524","Taser Exhibited ","L1",2015
"525","Defense Tech / Take-down","L2",2015
"526","Taser Exhibited ","L1",2015
"527","Firearm Exhibited","L1",2015
"528","Firearm Exhibited","L1",2015
"529","Firearm Exhibited","L1",2015
"530","Firearm Exhibited","L1",2015
"531","Defense Tech / Take-down","L2",2015
"532","Hands / Escort tech","L1",2015
"533","Defense Tech / Take-down","L2",2015
"534","Taser Exhibited ","L1",2015
"535","Firearm Exhibited","L1",2015
"536","Firearm Exhibited","L1",2015
"537","Defense Tech / Take-down","L2",2015
"538","Taser No-Hit","L2",2015
"539","Firearm Exhibited","L1",2015
"540","Firearm Exhibited","L1",2015
"541","Hands / Escort tech","L1",2015
"542","Hands / Escort tech","L1",2015
"543","Hands / Escort tech","L1",2015
"544","Taser Exhibited ","L1",2015
"545","Taser Exhibited ","L1",2015
"546","Firearm Exhibited","L1",2015
"547","Firearm Exhibited","L1",2015
"548","Taser Exhibited ","L1",2015
"549","Taser Exhibited ","L1",2015
"550","Firearm Exhibited","L1",2015
"551","Taser Exhibited ","L1",2015
"552","Firearm Discharged","L4",2015
"553","Taser Exhibited ","L1",2015
"554","Hands / Escort tech","L1",2015
"555","Hands / Escort tech","L1",2015
"556","Hands / Escort tech","L1",2015
"557","Taser Exhibited ","L1",2015
"558","Taser Exhibited ","L1",2015
"559","Taser Exhibited ","L1",2015
"560","Taser Exhibited ","L1",2015
"561","Firearm Exhibited","L1",2015
"562","Firearm Exhibited","L1",2015
"563","Hands / Escort tech","L1",2015
"564","Hands / Escort tech","L1",2015
"565","Hands / Escort tech","L1",2015
"566","Hands / Escort tech","L1",2015
"567","Hands / Escort tech","L1",2015
"568","Hands / Escort tech","L1",2015
"569","Hands / Escort tech","L1",2015
"570","Hands / Escort tech","L1",2015
"571","Defense Tech / Take-down","L2",2015
"572","Firearm Exhibited","L1",2015
"573","Firearm Exhibited","L1",2015
"574","Firearm Exhibited","L1",2015
"575","Firearm Exhibited","L1",2015
"576","Firearm Exhibited","L1",2015
"577","Firearm Exhibited","L1",2015
"578","Firearm Exhibited","L1",2015
"579","Firearm Exhibited","L1",2015
"580","Taser Exhibited ","L1",2015
"581","Taser Exhibited ","L1",2015
"582","Hands / Escort tech","L1",2015
"583","Hands / Escort tech","L1",2015
"584","Firearm Exhibited","L1",2015
"585","Firearm Exhibited","L1",2015
"586","Taser Exhibited ","L1",2015
"587","Taser Exhibited ","L1",2015
"588","Taser Exhibited ","L1",2015
"589","Taser Exhibited ","L1",2015
"590","Firearm Exhibited","L1",2015
"591","Firearm Exhibited","L1",2015
"592","Canine (No Bite)","L1",2015
"593","Firearm Exhibited","L1",2015
"594","Firearm Exhibited","L1",2015
"595","Firearm Exhibited","L1",2015
"596","Firearm Exhibited","L1",2015
"597","Hands / Escort tech","L1",2015
"598","Hands / Escort tech","L1",2015
"599","Hands / Escort tech","L1",2015
"600","Hands / Escort tech","L1",2015
"601","Taser Exhibited ","L1",2015
"602","Taser Exhibited ","L1",2015
"603","Defense Tech / Take-down","L2",2015
"604","Hands / Escort tech","L1",2015
"605","Hands / Escort tech","L1",2015
"606","Hands / Escort tech","L1",2015
"607","Hands / Escort tech","L1",2015
"608","Hands / Escort tech","L1",2015
"609","Hands / Escort tech","L1",2015
"610","Hands / Escort tech","L1",2015
"611","Firearm Exhibited","L1",2015
"612","Firearm Exhibited","L1",2015
"613","Firearm Exhibited","L1",2015
"614","Hands / Escort tech","L1",2015
"615","Firearm Exhibited","L1",2015
"616","Hands / Escort tech","L1",2015
"617","Firearm Exhibited","L1",2015
"618","Firearm Exhibited","L1",2015
"619","Firearm Exhibited","L1",2015
"620","Firearm Exhibited","L1",2015
"621","Firearm Exhibited","L1",2015
"622","Firearm Exhibited","L1",2015
"623","Firearm Exhibited","L1",2015
"624","Hands / Escort tech","L1",2015
"625","Defense Tech / Take-down","L2",2015
"626","Taser No-Hit","L2",2015
"627","Hands / Escort tech","L1",2015
"628","Taser Exhibited ","L1",2015
"629","Taser No-Hit","L2",2015
"630","Hands / Escort tech","L1",2015
"631","Taser No-Hit","L2",2015
"632","Hands / Escort tech","L1",2015
"633","Firearm Exhibited","L1",2015
"634","Firearm Exhibited","L1",2015
"635","Hands / Escort tech","L1",2015
"636","Hands / Escort tech","L1",2015
"637","Hands / Escort tech","L1",2015
"638","Taser Exhibited ","L1",2015
"639","Firearm Exhibited","L1",2015
"640","Firearm Exhibited","L1",2015
"641","Canine (Bite)","L4",2015
"642","Firearm Exhibited","L1",2015
"643","Firearm Exhibited","L1",2015
"644","Firearm Exhibited","L1",2015
"645","Firearm Exhibited","L1",2015
"646","Firearm Exhibited","L1",2015
"647","Defense Tech / Take-down","L2",2015
"648","Hands / Escort tech","L1",2015
"649","Firearm Exhibited","L1",2015
"650","Hands / Escort tech","L1",2015
"651","Hands / Escort tech","L1",2015
"652","Hands / Escort tech","L1",2015
"653","Hands / Escort tech","L1",2015
"654","Hands / Escort tech","L1",2015
"655","Hands / Escort tech","L1",2015
"656","Hands / Escort tech","L1",2015
"657","Hands / Escort tech","L1",2015
"658","Hands / Escort tech","L1",2015
"659","Hands / Escort tech","L1",2015
"660","Taser Exhibited ","L1",2015
"661","Firearm Exhibited","L1",2015
"662","Hands / Escort tech","L1",2015
"663","Firearm Exhibited","L1",2015
"664","Firearm Exhibited","L1",2015
"665","Firearm Exhibited","L1",2015
"666","Defense Tech / Take-down","L2",2015
"667","Defense Tech / Take-down","L2",2015
"668","Firearm Exhibited","L1",2015
"669","Firearm Exhibited","L1",2015
"670","Firearm Exhibited","L1",2015
"671","Hands / Escort tech","L1",2015
"672","Hands / Escort tech","L1",2015
"673","Hands / Escort tech","L1",2015
"674","Hands / Escort tech","L1",2015
"675","Hands / Escort tech","L1",2015
"676","Hands / Escort tech","L1",2015
"677","Hands / Escort tech","L1",2015
"678","Hands / Escort tech","L1",2015
"679","Hands / Escort tech","L1",2015
"680","Hands / Escort tech","L1",2015
"681","Firearm Exhibited","L1",2015
"682","Firearm Exhibited","L1",2015
"683","Firearm Exhibited","L1",2015
"684","Firearm Exhibited","L1",2015
"685","Hands / Escort tech","L1",2015
"686","Hands / Escort tech","L1",2015
"687","Hands / Escort tech","L1",2015
"688","Hands / Escort tech","L1",2015
"689","Defense Tech / Take-down","L2",2015
"690","Hands / Escort tech","L1",2015
"691","Hands / Escort tech","L1",2015
"692","Hands / Escort tech","L1",2015
"693","Firearm Exhibited","L1",2015
"694","Firearm Exhibited","L1",2015
"695","Firearm Exhibited","L1",2015
"696","Hands / Escort tech","L1",2015
"697","Hands / Escort tech","L1",2015
"698","Firearm Exhibited","L1",2015
"699","Defense Tech / Take-down","L2",2015
"700","Firearm Exhibited","L1",2015
"701","Firearm Exhibited","L1",2015
"702","Firearm Exhibited","L1",2015
"703","Defense Tech / Take-down","L2",2015
"704","Firearm Exhibited","L1",2015
"705","Firearm Exhibited","L1",2015
"706","Hands / Escort tech","L1",2015
"707","Taser Exhibited ","L1",2015
"708","Hands / Escort tech","L1",2015
"709","Hands / Escort tech","L1",2015
"710","Hands / Escort tech","L1",2015
"711","Taser Exhibited ","L1",2015
"712","Firearm Exhibited","L1",2015
"713","Canine (Bite)","L4",2015
"714","Taser Exhibited ","L1",2015
"715","Firearm Exhibited","L1",2015
"716","Firearm Exhibited","L1",2015
"717","Hands / Escort tech","L1",2015
"718","Defense Tech / Take-down","L2",2015
"719","Firearm Exhibited","L1",2015
"720","Firearm Exhibited","L1",2015
"721","Firearm Exhibited","L1",2015
"722","Firearm Exhibited","L1",2015
"723","Taser Exhibited ","L1",2015
"724","Firearm Exhibited","L1",2015
"725","Hands / Escort tech","L1",2015
"726","Hands / Escort tech","L1",2015
"727","Hands / Escort tech","L1",2015
"728","Hands / Escort tech","L1",2015
"729","Hands / Escort tech","L1",2015
"730","Defense Tech / Take-down","L2",2015
"731","Defense Tech / Take-down","L2",2015
"732","Defense Tech / Take-down","L2",2015
"733","Defense Tech / Take-down","L2",2015
"734","Hands / Escort tech","L1",2015
"735","Hands / Escort tech","L1",2015
"736","Hands / Escort tech","L1",2015
"737","Hands / Escort tech","L1",2015
"738","Baton Miss","L2",2015
"739","Hands / Escort tech","L1",2015
"740","Taser No-Hit","L2",2015
"741","Taser No-Hit","L2",2015
"742","Hands / Escort tech","L1",2015
"743","Hands / Escort tech","L1",2015
"744","Defense Tech / Take-down","L2",2015
"745","Hands / Escort tech","L1",2015
"746","Hands / Escort tech","L1",2015
"747","Firearm Exhibited","L1",2015
"748","Hands / Escort tech","L1",2015
"749","Hands / Escort tech","L1",2015
"750","Firearm Exhibited","L1",2015
"751","Defense Tech / Take-down","L2",2015
"752","Defense Tech / Take-down","L2",2015
"753","Defense Tech / Take-down","L2",2015
"754","Firearm Exhibited","L1",2015
"755","Firearm Exhibited","L1",2015
"756","Firearm Exhibited","L1",2015
"757","Firearm Exhibited","L1",2015
"758","Firearm Exhibited","L1",2015
"759","Firearm Exhibited","L1",2015
"760","Firearm Exhibited","L1",2015
"761","Firearm Exhibited","L1",2015
"762","Firearm Exhibited","L1",2015
"763","Firearm Exhibited","L1",2015
"764","Firearm Exhibited","L1",2015
"765","Firearm Exhibited","L1",2015
"766","Defense Tech / Take-down","L2",2015
"767","Defense Tech / Take-down","L2",2015
"768","Defense Tech / Take-down","L2",2015
"769","Defense Tech / Take-down","L2",2015
"770","Defense Tech / Take-down","L2",2015
"771","Firearm Exhibited","L1",2015
"772","Firearm Exhibited","L1",2015
"773","Hands / Escort tech","L1",2015
"774","Hands / Escort tech","L1",2015
"775","Hands / Escort tech","L1",2015
"776","Defense Tech / Take-down","L2",2015
"777","Firearm Exhibited","L1",2015
"778","Hands / Escort tech","L1",2015
"779","Hands / Escort tech","L1",2015
"780","Hands / Escort tech","L1",2015
"781","Firearm Exhibited","L1",2015
"782","Firearm Exhibited","L1",2015
"783","Firearm Exhibited","L1",2015
"784","Firearm Exhibited","L1",2015
"785","Firearm Exhibited","L1",2015
"786","Firearm Exhibited","L1",2015
"787","Firearm Exhibited","L1",2015
"788","Firearm Exhibited","L1",2015
"789","Firearm Exhibited","L1",2015
"790","Hands / Escort tech","L1",2015
"791","Hands / Escort tech","L1",2015
"792","Firearm Exhibited","L1",2015
"793","Firearm Exhibited","L1",2015
"794","Defense Tech / Take-down","L2",2015
"795","Hands / Escort tech","L1",2015
"796","Hands / Escort tech","L1",2015
"797","Taser Exhibited ","L1",2015
"798","Firearm Exhibited","L1",2015
"799","Firearm Exhibited","L1",2015
"800","Firearm Exhibited","L1",2015
"801","Firearm Exhibited","L1",2015
"802","Taser Exhibited ","L1",2015
"803","Firearm Exhibited","L1",2015
"804","Taser No-Hit","L2",2015
"805","Firearm Exhibited","L1",2015
"806","Taser No-Hit","L2",2015
"807","Firearm Exhibited","L1",2015
"808","Taser No-Hit","L2",2015
"809","Firearm Exhibited","L1",2015
"810","Firearm Exhibited","L1",2015
"811","Hands / Escort tech","L1",2015
"812","Hands / Escort tech","L1",2015
"813","Firearm Exhibited","L1",2015
"814","Defense Tech / Take-down","L2",2015
"815","Hands / Escort tech","L1",2015
"816","Firearm Discharged","L4",2015
"817","Hands / Escort tech","L1",2015
"818","Hands / Escort tech","L1",2015
"819","Firearm Exhibited","L1",2015
"820","Firearm Exhibited","L1",2015
"821","Firearm Exhibited","L1",2015
"822","Firearm Exhibited","L1",2015
"823","Firearm Exhibited","L1",2015
"824","Firearm Exhibited","L1",2015
"825","Firearm Exhibited","L1",2015
"826","Firearm Exhibited","L1",2015
"827","Hands / Escort tech","L1",2015
"828","Firearm Exhibited","L1",2015
"829","Firearm Exhibited","L1",2015
"830","Firearm Exhibited","L1",2015
"831","Firearm Exhibited","L1",2015
"832","Hands / Escort tech","L1",2015
"833","Hands / Escort tech","L1",2015
"834","Hands / Escort tech","L1",2015
"835","Firearm Exhibited","L1",2015
"836","Hands / Escort tech","L1",2015
"837","Firearm Exhibited","L1",2015
"838","Firearm Exhibited","L1",2015
"839","Firearm Exhibited","L1",2015
"840","Firearm Exhibited","L1",2015
"841","Firearm Exhibited","L1",2015
"842","Firearm Exhibited","L1",2015
"843","Taser Exhibited ","L1",2015
"844","Firearm Exhibited","L1",2015
"845","Firearm Exhibited","L1",2015
"846","Taser Exhibited ","L1",2015
"847","Canine (No Bite)","L1",2015
"848","Firearm Discharged","L4",2015
"849","Defense Tech / Take-down","L2",2015
"850","Hands / Escort tech","L1",2015
"851","Taser Exhibited ","L1",2015
"852","Taser Exhibited ","L1",2015
"853","Canine (Bite)","L4",2015
"854","Canine (Bite)","L4",2015
"855","Hands / Escort tech","L1",2015
"856","Defense Tech / Take-down","L2",2015
"857","Defense Tech / Take-down","L2",2015
"858","Hands / Escort tech","L1",2015
"859","Defense Tech / Take-down","L2",2015
"860","Defense Tech / Take-down","L2",2015
"861","Hands / Escort tech","L1",2015
"862","Hands / Escort tech","L1",2015
"863","Taser Exhibited ","L1",2015
"864","Defense Tech / Take-down","L2",2015
"865","Firearm Exhibited","L1",2015
"866","Firearm Exhibited","L1",2015
"867","Firearm Exhibited","L1",2015
"868","Firearm Exhibited","L1",2015
"869","Firearm Exhibited","L1",2015
"870","Defense Tech / Take-down","L2",2015
"871","Taser Exhibited ","L1",2015
"872","Firearm Exhibited","L1",2015
"873","Firearm Exhibited","L1",2015
"874","Firearm Exhibited","L1",2015
"875","Firearm Exhibited","L1",2015
"876","Firearm Exhibited","L1",2015
"877","Firearm Exhibited","L1",2015
"878","Firearm Exhibited","L1",2015
"879","Firearm Exhibited","L1",2015
"880","Firearm Exhibited","L1",2015
"881","Firearm Exhibited","L1",2015
"882","Firearm Exhibited","L1",2015
"883","Firearm Exhibited","L1",2015
"884","Firearm Discharged","L4",2015
"885","Firearm Discharged","L4",2015
"886","Firearm Exhibited","L1",2015
"887","Taser No-Hit","L2",2015
"888","Hands / Escort tech","L1",2015
"889","Firearm Exhibited","L1",2015
"890","Firearm Exhibited","L1",2015
"891","Hands / Escort tech","L1",2015
"892","Taser No-Hit","L2",2015
"893","Hands / Escort tech","L1",2015
"894","Hands / Escort tech","L1",2015
"895","Defense Tech / Take-down","L2",2015
"896","Firearm Exhibited","L1",2015
"897","Firearm Exhibited","L1",2015
"898","Defense Tech / Take-down","L2",2015
"899","Firearm Exhibited","L1",2015
"900","Firearm Exhibited","L1",2015
"901","Firearm Exhibited","L1",2015
"902","Firearm Exhibited","L1",2015
"903","Firearm Exhibited","L1",2015
"904","Firearm Exhibited","L1",2015
"905","Firearm Exhibited","L1",2015
"906","Firearm Exhibited","L1",2015
"907","Firearm Exhibited","L1",2015
"908","Firearm Exhibited","L1",2015
"909","Firearm Exhibited","L1",2015
"910","Firearm Exhibited","L1",2015
"911","Firearm Exhibited","L1",2015
"912","Firearm Exhibited","L1",2015
"913","Firearm Exhibited","L1",2015
"914","Hands / Escort tech","L1",2015
"915","Hands / Escort tech","L1",2015
"916","Hands / Escort tech","L1",2015
"917","Hands / Escort tech","L1",2015
"918","Hands / Escort tech","L1",2015
"919","Hands / Escort tech","L1",2015
"920","Firearm Exhibited","L1",2015
"921","Taser Exhibited ","L1",2015
"922","Firearm Exhibited","L1",2015
"923","Hands / Escort tech","L1",2015
"924","Hands / Escort tech","L1",2015
"925","Hands / Escort tech","L1",2015
"926","Hands / Escort tech","L1",2015
"927","Hands / Escort tech","L1",2015
"928","Firearm Exhibited","L1",2015
"929","Firearm Exhibited","L1",2015
"930","Head Strike (No Wep)","L3",2015
"931","Head Strike (No Wep)","L3",2015
"932","Taser No-Hit","L2",2015
"933","Taser No-Hit","L2",2015
"934","Taser No-Hit","L2",2015
"935","Taser No-Hit","L2",2015
"936","Taser No-Hit","L2",2015
"937","Taser Exhibited ","L1",2015
"938","Hands / Escort tech","L1",2015
"939","Firearm Exhibited","L1",2015
"940","Firearm Exhibited","L1",2015
"941","Firearm Exhibited","L1",2015
"942","Firearm Exhibited","L1",2015
"943","Firearm Exhibited","L1",2015
"944","Firearm Exhibited","L1",2015
"945","Firearm Exhibited","L1",2015
"946","Firearm Exhibited","L1",2015
"947","Defense Tech / Take-down","L2",2015
"948","Hands / Escort tech","L1",2015
"949","Hands / Escort tech","L1",2015
"950","Hands / Escort tech","L1",2015
"951","Hands / Escort tech","L1",2015
"952","Hands / Escort tech","L1",2015
"953","Hands / Escort tech","L1",2015
"954","Taser No-Hit","L2",2015
"955","Taser No-Hit","L2",2015
"956","Defense Tech / Take-down","L2",2015
"957","Defense Tech / Take-down","L2",2015
"958","Firearm Exhibited","L1",2015
"959","Firearm Exhibited","L1",2015
"960","Taser No-Hit","L2",2015
"961","Taser No-Hit","L2",2015
"962","Firearm Exhibited","L1",2015
"963","Firearm Exhibited","L1",2015
"964","Taser Exhibited ","L1",2015
"965","Hands / Escort tech","L1",2015
"966","Defense Tech / Take-down","L2",2015
"967","Defense Tech / Take-down","L2",2015
"968","Hands / Escort tech","L1",2015
"969","Firearm Exhibited","L1",2015
"970","Firearm Exhibited","L1",2015
"971","Hands / Escort tech","L1",2015
"972","Hands / Escort tech","L1",2015
"973","Hands / Escort tech","L1",2015
"974","Firearm Exhibited","L1",2015
"975","Hands / Escort tech","L1",2015
"976","Hands / Escort tech","L1",2015
"977","Hands / Escort tech","L1",2015
"978","Hands / Escort tech","L1",2015
"979","Hands / Escort tech","L1",2015
"980","Hands / Escort tech","L1",2015
"981","Hands / Escort tech","L1",2015
"982","Hands / Escort tech","L1",2015
"983","Hands / Escort tech","L1",2015
"984","Firearm Exhibited","L1",2015
"985","Firearm Exhibited","L1",2015
"986","Firearm Exhibited","L1",2015
"987","Firearm Exhibited","L1",2015
"988","Not reported","Not reported",2015
"989","Firearm Exhibited","L1",2015
"990","Firearm Exhibited","L1",2015
"991","Firearm Exhibited","L1",2015
"992","Firearm Exhibited","L1",2015
"993","Firearm Exhibited","L1",2015
"994","Firearm Exhibited","L1",2015
"995","Firearm Exhibited","L1",2015
"996","Taser Exhibited ","L1",2015
"997","Hands / Escort tech","L1",2015
"998","Hands / Escort tech","L1",2015
"999","Firearm Exhibited","L1",2015
"1000","Firearm Exhibited","L1",2015
"1001","Firearm Exhibited","L1",2015
"1002","Firearm Exhibited","L1",2015
"1003","Defense Tech / Take-down","L2",2015
"1004","Defense Tech / Take-down","L2",2015
"1005","Defense Tech / Take-down","L2",2015
"1006","Hands / Escort tech","L1",2015
"1007","Hands / Escort tech","L1",2015
"1008","Defense Tech / Take-down","L2",2015
"1009","Defense Tech / Take-down","L2",2015
"1010","Hands / Escort tech","L1",2015
"1011","Firearm Exhibited","L1",2015
"1012","Firearm Exhibited","L1",2015
"1013","Canine (No Bite)","L1",2015
"1014","Hands / Escort tech","L1",2015
"1015","Defense Tech / Take-down","L2",2015
"1016","Hands / Escort tech","L1",2015
"1017","Defense Tech / Take-down","L2",2015
"1018","Taser No-Hit","L2",2015
"1019","Firearm Exhibited","L1",2015
"1020","Firearm Exhibited","L1",2015
"1021","Hands / Escort tech","L1",2015
"1022","Hands / Escort tech","L1",2015
"1023","Hands / Escort tech","L1",2015
"1024","Hands / Escort tech","L1",2015
"1025","Hands / Escort tech","L1",2015
"1026","Hands / Escort tech","L1",2015
"1027","Hands / Escort tech","L1",2015
"1028","Hands / Escort tech","L1",2015
"1029","Hands / Escort tech","L1",2015
"1030","Not reported","Not reported",2015
"1031","Defense Tech / Take-down","L2",2015
"1032","Defense Tech / Take-down","L2",2015
"1033","Hands / Escort tech","L1",2015
"1034","Hands / Escort tech","L1",2015
"1035","Hands / Escort tech","L1",2015
"1036","Hands / Escort tech","L1",2015
"1037","Defense Tech / Take-down","L2",2015
"1038","Firearm Exhibited","L1",2015
"1039","Taser Exhibited ","L1",2015
"1040","Firearm Exhibited","L1",2015
"1041","Taser Exhibited ","L1",2015
"1042","Firearm Exhibited","L1",2015
"1043","Firearm Exhibited","L1",2015
"1044","Firearm Exhibited","L1",2015
"1045","Firearm Exhibited","L1",2015
"1046","Hands / Escort tech","L1",2015
"1047","Hands / Escort tech","L1",2015
"1048","Not reported","Not reported",2015
"1049","Hands / Escort tech","L1",2015
"1050","Hands / Escort tech","L1",2015
"1051","Firearm Exhibited","L1",2015
"1052","Taser Exhibited ","L1",2015
"1053","Firearm Exhibited","L1",2015
"1054","Firearm Exhibited","L1",2015
"1055","Hands / Escort tech","L1",2015
"1056","Hands / Escort tech","L1",2015
"1057","Firearm Exhibited","L1",2015
"1058","Firearm Exhibited","L1",2015
"1059","Hands / Escort tech","L1",2015
"1060","Hands / Escort tech","L1",2015
"1061","Taser Exhibited ","L1",2015
"1062","Hands / Escort tech","L1",2015
"1063","Taser Exhibited ","L1",2015
"1064","Firearm Exhibited","L1",2015
"1065","Firearm Exhibited","L1",2015
"1066","Firearm Exhibited","L1",2015
"1067","Firearm Exhibited","L1",2015
"1068","Firearm Exhibited","L1",2015
"1069","Firearm Exhibited","L1",2015
"1070","Firearm Exhibited","L1",2015
"1071","Firearm Exhibited","L1",2015
"1072","Firearm Exhibited","L1",2015
"1073","Firearm Exhibited","L1",2015
"1074","Firearm Exhibited","L1",2015
"1075","Firearm Exhibited","L1",2015
"1076","Taser Exhibited ","L1",2015
"1077","Defense Tech / Take-down","L2",2015
"1078","Hands / Escort tech","L1",2015
"1079","Hands / Escort tech","L1",2015
"1080","Defense Tech / Take-down","L2",2015
"1081","Hands / Escort tech","L1",2015
"1082","Firearm Exhibited","L1",2015
"1083","Defense Tech / Take-down","L2",2015
"1084","L2-Other","L2",2015
"1085","Firearm Exhibited","L1",2015
"1086","Firearm Exhibited","L1",2015
"1087","Firearm Exhibited","L1",2015
"1088","Firearm Exhibited","L1",2015
"1089","Firearm Exhibited","L1",2015
"1090","Firearm Exhibited","L1",2015
"1091","Firearm Exhibited","L1",2015
"1092","Firearm Exhibited","L1",2015
"1093","Firearm Exhibited","L1",2015
"1094","Firearm Exhibited","L1",2015
"1095","Defense Tech / Take-down","L2",2015
"1096","Hands / Escort tech","L1",2015
"1097","Hands / Escort tech","L1",2015
"1098","Defense Tech / Take-down","L2",2015
"1099","Defense Tech / Take-down","L2",2015
"1100","Defense Tech / Take-down","L2",2015
"1101","Firearm Exhibited","L1",2015
"1102","Firearm Exhibited","L1",2015
"1103","Firearm Exhibited","L1",2015
"1104","Firearm Exhibited","L1",2015
"1105","Canine (No Bite)","L1",2015
"1106","Firearm Exhibited","L1",2015
"1107","Hands / Escort tech","L1",2015
"1108","Hands / Escort tech","L1",2015
"1109","Taser Exhibited ","L1",2015
"1110","Taser Exhibited ","L1",2015
"1111","Taser No-Hit","L2",2015
"1112","Taser No-Hit","L2",2015
"1113","Hands / Escort tech","L1",2015
"1114","Hands / Escort tech","L1",2015
"1115","Hands / Escort tech","L1",2015
"1116","Firearm Exhibited","L1",2015
"1117","Firearm Exhibited","L1",2015
"1118","Firearm Exhibited","L1",2015
"1119","Firearm Exhibited","L1",2015
"1120","Firearm Exhibited","L1",2015
"1121","Firearm Exhibited","L1",2015
"1122","Hands / Escort tech","L1",2015
"1123","Hands / Escort tech","L1",2015
"1124","Hands / Escort tech","L1",2015
"1125","Hands / Escort tech","L1",2015
"1126","Not reported","Not reported",2015
"1127","Taser Exhibited ","L1",2015
"1128","Firearm Exhibited","L1",2015
"1129","Hands / Escort tech","L1",2015
"1130","Hands / Escort tech","L1",2015
"1131","Defense Tech / Take-down","L2",2015
"1132","Taser No-Hit","L2",2015
"1133","Hands / Escort tech","L1",2015
"1134","Hands / Escort tech","L1",2015
"1135","Firearm Exhibited","L1",2015
"1136","Firearm Exhibited","L1",2015
"1137","Firearm Exhibited","L1",2015
"1138","Firearm Exhibited","L1",2015
"1139","Hands / Escort tech","L1",2015
"1140","Hands / Escort tech","L1",2015
"1141","Hands / Escort tech","L1",2015
"1142","Hands / Escort tech","L1",2015
"1143","Firearm Exhibited","L1",2015
"1144","Taser Exhibited ","L1",2015
"1145","Hands / Escort tech","L1",2015
"1146","Hands / Escort tech","L1",2015
"1147","Hands / Escort tech","L1",2015
"1148","Taser Exhibited ","L1",2015
"1149","Hands / Escort tech","L1",2015
"1150","Firearm Exhibited","L1",2015
"1151","Hands / Escort tech","L1",2015
"1152","Taser No-Hit","L2",2015
"1153","Hands / Escort tech","L1",2015
"1154","Hands / Escort tech","L1",2015
"1155","Hands / Escort tech","L1",2015
"1156","Hands / Escort tech","L1",2015
"1157","Hands / Escort tech","L1",2015
"1158","Firearm Exhibited","L1",2015
"1159","Firearm Exhibited","L1",2015
"1160","Hands / Escort tech","L1",2015
"1161","Hands / Escort tech","L1",2015
"1162","Firearm Exhibited","L1",2015
"1163","Firearm Exhibited","L1",2015
"1164","Defense Tech / Take-down","L2",2015
"1165","Hands / Escort tech","L1",2015
"1166","Hands / Escort tech","L1",2015
"1167","Taser No-Hit","L2",2015
"1168","Taser No-Hit","L2",2015
"1169","Firearm Exhibited","L1",2015
"1170","Firearm Exhibited","L1",2015
"1171","Firearm Exhibited","L1",2015
"1172","Firearm Exhibited","L1",2015
"1173","Firearm Exhibited","L1",2015
"1174","Firearm Exhibited","L1",2015
"1175","Firearm Exhibited","L1",2015
"1176","Firearm Exhibited","L1",2015
"1177","Hands / Escort tech","L1",2015
"1178","Hands / Escort tech","L1",2015
"1179","Firearm Exhibited","L1",2015
"1180","Firearm Exhibited","L1",2015
"1181","Firearm Exhibited","L1",2015
"1182","Firearm Exhibited","L1",2015
"1183","Not reported","Not reported",2015
"1184","Taser Exhibited ","L1",2015
"1185","Defense Tech / Take-down","L2",2015
"1186","Defense Tech / Take-down","L2",2015
"1187","Firearm Exhibited","L1",2015
"1188","Firearm Exhibited","L1",2015
"1189","Firearm Exhibited","L1",2015
"1190","Firearm Exhibited","L1",2015
"1191","Firearm Exhibited","L1",2015
"1192","Firearm Exhibited","L1",2015
"1193","Firearm Exhibited","L1",2015
"1194","Firearm Exhibited","L1",2015
"1195","Defense Tech / Take-down","L2",2015
"1196","Taser Exhibited ","L1",2015
"1197","Taser Exhibited ","L1",2015
"1198","Firearm Exhibited","L1",2015
"1199","Firearm Exhibited","L1",2015
"1200","Firearm Exhibited","L1",2015
"1201","Firearm Exhibited","L1",2015
"1202","Firearm Exhibited","L1",2015
"1203","Firearm Exhibited","L1",2015
"1204","Firearm Exhibited","L1",2015
"1205","Firearm Exhibited","L1",2015
"1206","Firearm Exhibited","L1",2015
"1207","Firearm Exhibited","L1",2015
"1208","Hands / Escort tech","L1",2015
"1209","Hands / Escort tech","L1",2015
"1210","Defense Tech / Take-down","L2",2015
"1211","Defense Tech / Take-down","L2",2015
"1212","Firearm Exhibited","L1",2015
"1213","Firearm Exhibited","L1",2015
"1214","Firearm Exhibited","L1",2015
"1215","Taser Exhibited ","L1",2015
"1216","Firearm Exhibited","L1",2015
"1217","Firearm Exhibited","L1",2015
"1218","Firearm Exhibited","L1",2015
"1219","Firearm Exhibited","L1",2015
"1220","Firearm Exhibited","L1",2015
"1221","Firearm Exhibited","L1",2015
"1222","Firearm Exhibited","L1",2015
"1223","Firearm Exhibited","L1",2015
"1224","Firearm Exhibited","L1",2015
"1225","Firearm Exhibited","L1",2015
"1226","Firearm Exhibited","L1",2015
"1227","Taser No-Hit","L2",2015
"1228","Hands / Escort tech","L1",2015
"1229","Hands / Escort tech","L1",2015
"1230","Hands / Escort tech","L1",2015
"1231","Defense Tech / Take-down","L2",2015
"1232","Defense Tech / Take-down","L2",2015
"1233","Firearm Exhibited","L1",2015
"1234","Firearm Exhibited","L1",2015
"1235","Canine (No Bite)","L1",2015
"1236","Hands / Escort tech","L1",2015
"1237","Taser No-Hit","L2",2015
"1238","Hands / Escort tech","L1",2015
"1239","Firearm Exhibited","L1",2015
"1240","Firearm Exhibited","L1",2015
"1241","Canine (No Bite)","L1",2015
"1242","Canine (No Bite)","L1",2015
"1243","Defense Tech / Take-down","L2",2015
"1244","Firearm Exhibited","L1",2015
"1245","Firearm Exhibited","L1",2015
"1246","Firearm Exhibited","L1",2015
"1247","Firearm Exhibited","L1",2015
"1248","Defense Tech / Take-down","L2",2015
"1249","Firearm Exhibited","L1",2015
"1250","Firearm Exhibited","L1",2015
"1251","Firearm Exhibited","L1",2015
"1252","Firearm Exhibited","L1",2015
"1253","Firearm Exhibited","L1",2015
"1254","Firearm Exhibited","L1",2015
"1255","Firearm Exhibited","L1",2015
"1256","Firearm Exhibited","L1",2015
"1257","Hands / Escort tech","L1",2015
"1258","Hands / Escort tech","L1",2015
"1259","Firearm Exhibited","L1",2015
"1260","Firearm Exhibited","L1",2015
"1261","Firearm Exhibited","L1",2015
"1262","Firearm Exhibited","L1",2015
"1263","Head strike while Hancuffed","L4",2015
"1264","Hands / Escort tech","L1",2015
"1265","Hands / Escort tech","L1",2015
"1266","Hands / Escort tech","L1",2015
"1267","Hands / Escort tech","L1",2015
"1268","Hands / Escort tech","L1",2015
"1269","Hands / Escort tech","L1",2015
"1270","Hands / Escort tech","L1",2015
"1271","Hands / Escort tech","L1",2015
"1272","Firearm Exhibited","L1",2015
"1273","Firearm Exhibited","L1",2015
"1274","Firearm Exhibited","L1",2015
"1275","Taser No-Hit","L2",2015
"1276","Hands / Escort tech","L1",2015
"1277","Hands / Escort tech","L1",2015
"1278","Hands / Escort tech","L1",2015
"1279","Hands / Escort tech","L1",2015
"1280","Hands / Escort tech","L1",2015
"1281","Hands / Escort tech","L1",2015
"1282","Hands / Escort tech","L1",2015
"1283","Hands / Escort tech","L1",2015
"1284","Taser Exhibited ","L1",2015
"1285","Firearm Exhibited","L1",2015
"1286","Hands / Escort tech","L1",2015
"1287","Hands / Escort tech","L1",2015
"1288","Firearm Exhibited","L1",2015
"1289","Hands / Escort tech","L1",2015
"1290","Hands / Escort tech","L1",2015
"1291","Hands / Escort tech","L1",2015
"1292","Hands / Escort tech","L1",2015
"1293","Firearm Exhibited","L1",2015
"1294","Firearm Exhibited","L1",2015
"1295","Firearm Exhibited","L1",2015
"1296","Firearm Exhibited","L1",2015
"1297","Firearm Exhibited","L1",2015
"1298","Firearm Exhibited","L1",2015
"1299","Firearm Exhibited","L1",2015
"1300","Firearm Exhibited","L1",2015
"1301","Firearm Exhibited","L1",2015
"1302","Firearm Exhibited","L1",2015
"1303","Firearm Exhibited","L1",2015
"1304","Firearm Exhibited","L1",2015
"1305","Firearm Exhibited","L1",2015
"1306","Firearm Exhibited","L1",2015
"1307","Firearm Exhibited","L1",2015
"1308","Taser No-Hit","L2",2015
"1309","Not reported","Not reported",2015
"1310","Defense Tech / Take-down","L2",2015
"1311","Hands / Escort tech","L1",2015
"1312","Hands / Escort tech","L1",2015
"1313","Firearm Exhibited","L1",2015
"1314","Taser Exhibited ","L1",2015
"1315","Defense Tech / Take-down","L2",2015
"1316","Firearm Exhibited","L1",2015
"1317","Firearm Exhibited","L1",2015
"1318","Firearm Exhibited","L1",2015
"1319","Firearm Exhibited","L1",2015
"1320","Firearm Exhibited","L1",2015
"1321","Firearm Exhibited","L1",2015
"1322","Firearm Exhibited","L1",2015
"1323","Firearm Exhibited","L1",2015
"1324","Firearm Exhibited","L1",2015
"1325","Firearm Exhibited","L1",2015
"1326","Hands / Escort tech","L1",2015
"1327","Hands / Escort tech","L1",2015
"1328","Hands / Escort tech","L1",2015
"1329","Hands / Escort tech","L1",2015
"1330","Hands / Escort tech","L1",2015
"1331","Defense Tech / Take-down","L2",2015
"1332","Defense Tech / Take-down","L2",2015
"1333","Firearm Discharged","L4",2015
"1334","Firearm Discharged","L4",2015
"1335","Firearm Discharged","L4",2015
"1336","Defense Tech / Take-down","L2",2015
"1337","Defense Tech / Take-down","L2",2015
"1338","Defense Tech / Take-down","L2",2015
"1339","Hands / Escort tech","L1",2015
"1340","Hands / Escort tech","L1",2015
"1341","Hands / Escort tech","L1",2015
"1342","Hands / Escort tech","L1",2015
"1343","Taser No-Hit","L2",2015
"1344","Firearm Exhibited","L1",2015
"1345","Firearm Exhibited","L1",2015
"1346","Firearm Exhibited","L1",2015
"1347","Firearm Exhibited","L1",2015
"1348","Firearm Exhibited","L1",2015
"1349","Firearm Exhibited","L1",2015
"1350","Firearm Exhibited","L1",2015
"1351","Firearm Exhibited","L1",2015
"1352","Hands / Escort tech","L1",2015
"1353","Defense Tech / Take-down","L2",2015
"1354","Hands / Escort tech","L1",2015
"1355","Firearm Exhibited","L1",2015
"1356","Hands / Escort tech","L1",2015
"1357","Firearm Discharged","L4",2015
"1358","Firearm Exhibited","L1",2015
"1359","Taser No-Hit","L2",2015
"1360","Hands / Escort tech","L1",2015
"1361","Hands / Escort tech","L1",2015
"1362","Firearm Exhibited","L1",2015
"1363","Defense Tech / Take-down","L2",2015
"1364","Firearm Exhibited","L1",2015
"1365","Defense Tech / Take-down","L2",2015
"1366","Hands / Escort tech","L1",2015
"1367","Firearm Exhibited","L1",2015
"1368","Firearm Exhibited","L1",2015
"1369","Firearm Exhibited","L1",2015
"1370","Taser Exhibited ","L1",2015
"1371","Firearm Exhibited","L1",2015
"1372","Firearm Exhibited","L1",2015
"1373","Firearm Exhibited","L1",2015
"1374","Firearm Exhibited","L1",2015
"1375","Firearm Exhibited","L1",2015
"1376","Firearm Exhibited","L1",2015
"1377","Firearm Exhibited","L1",2015
"1378","Firearm Exhibited","L1",2015
"1379","Firearm Exhibited","L1",2015
"1380","Firearm Exhibited","L1",2015
"1381","Firearm Exhibited","L1",2015
"1382","Firearm Exhibited","L1",2015
"1383","Firearm Exhibited","L1",2015
"1384","Firearm Exhibited","L1",2015
"1385","Defense Tech / Take-down","L2",2015
"1386","Firearm Exhibited","L1",2015
"1387","Firearm Exhibited","L1",2015
"1388","Defense Tech / Take-down","L2",2015
"1389","Defense Tech / Take-down","L2",2015
"1390","Hands / Escort tech","L1",2015
"1391","Hands / Escort tech","L1",2015
"1392","Hands / Escort tech","L1",2015
"1393","Taser Exhibited ","L1",2015
"1394","Hands / Escort tech","L1",2015
"1395","Firearm Exhibited","L1",2015
"1396","Defense Tech / Take-down","L2",2015
"1397","Defense Tech / Take-down","L2",2015
"1398","Defense Tech / Take-down","L2",2015
"1399","Defense Tech / Take-down","L2",2015
"1400","Taser Exhibited ","L1",2015
"1401","Taser Exhibited ","L1",2015
"1402","Hands / Escort tech","L1",2015
"1403","Hands / Escort tech","L1",2015
"1404","Taser Exhibited ","L1",2015
"1405","Firearm Exhibited","L1",2015
"1406","Firearm Exhibited","L1",2015
"1407","Firearm Exhibited","L1",2015
"1408","Firearm Exhibited","L1",2015
"1409","Firearm Exhibited","L1",2015
"1410","Firearm Exhibited","L1",2015
"1411","Firearm Exhibited","L1",2015
"1412","Firearm Exhibited","L1",2015
"1413","Firearm Exhibited","L1",2015
"1414","Firearm Exhibited","L1",2015
"1415","Firearm Exhibited","L1",2015
"1416","Firearm Exhibited","L1",2015
"1417","Firearm Exhibited","L1",2015
"1418","Firearm Exhibited","L1",2015
"1419","Defense Tech / Take-down","L2",2015
"1420","Hands / Escort tech","L1",2015
"1421","Hands / Escort tech","L1",2015
"1422","Hands / Escort tech","L1",2015
"1423","Hands / Escort tech","L1",2015
"1424","Hands / Escort tech","L1",2015
"1425","Hands / Escort tech","L1",2015
"1426","Taser No-Hit","L2",2015
"1427","Hands / Escort tech","L1",2015
"1428","Hands / Escort tech","L1",2015
"1429","Defense Tech / Take-down","L2",2015
"1430","Firearm Exhibited","L1",2015
"1431","Defense Tech / Take-down","L2",2015
"1432","Firearm Exhibited","L1",2015
"1433","Defense Tech / Take-down","L2",2015
"1434","Firearm Exhibited","L1",2015
"1435","Firearm Exhibited","L1",2015
"1436","Firearm Exhibited","L1",2015
"1437","Hands / Escort tech","L1",2015
"1438","Hands / Escort tech","L1",2015
"1439","Hands / Escort tech","L1",2015
"1440","Firearm Exhibited","L1",2015
"1441","Hands / Escort tech","L1",2015
"1442","Hands / Escort tech","L1",2015
"1443","Firearm Exhibited","L1",2015
"1444","Hands / Escort tech","L1",2015
"1445","Hands / Escort tech","L1",2015
"1446","Hands / Escort tech","L1",2015
"1447","Hands / Escort tech","L1",2015
"1448","Hands / Escort tech","L1",2015
"1449","Hands / Escort tech","L1",2015
"1450","Taser Exhibited ","L1",2015
"1451","Hands / Escort tech","L1",2015
"1452","Not reported","Not reported",2015
"1453","Taser Exhibited ","L1",2015
"1454","Defense Tech / Take-down","L2",2015
"1455","Defense Tech / Take-down","L2",2015
"1456","Taser No-Hit","L2",2015
"1457","Hands / Escort tech","L1",2015
"1458","Hands / Escort tech","L1",2015
"1459","Hands / Escort tech","L1",2015
"1460","Hands / Escort tech","L1",2015
"1461","Hands / Escort tech","L1",2015
"1462","Firearm Exhibited","L1",2015
"1463","Firearm Exhibited","L1",2015
"1464","Firearm Exhibited","L1",2015
"1465","Firearm Exhibited","L1",2015
"1466","Firearm Exhibited","L1",2015
"1467","Firearm Exhibited","L1",2015
"1468","Firearm Exhibited","L1",2015
"1469","Defense Tech / Take-down","L2",2015
"1470","Hands / Escort tech","L1",2015
"1471","Hands / Escort tech","L1",2015
"1472","Hands / Escort tech","L1",2015
"1473","Firearm Exhibited","L1",2015
"1474","Firearm Exhibited","L1",2015
"1475","Firearm Exhibited","L1",2015
"1476","Firearm Exhibited","L1",2015
"1477","Firearm Exhibited","L1",2015
"1478","Hands / Escort tech","L1",2015
"1479","Firearm Exhibited","L1",2015
"1480","Hands / Escort tech","L1",2015
"1481","Firearm Exhibited","L1",2015
"1482","Hands / Escort tech","L1",2015
"1483","Firearm Exhibited","L1",2015
"1484","Hands / Escort tech","L1",2015
"1485","Firearm Exhibited","L1",2015
"1486","Hands / Escort tech","L1",2015
"1487","Hands / Escort tech","L1",2015
"1488","Hands / Escort tech","L1",2015
"1489","Defense Tech / Take-down","L2",2015
"1490","Defense Tech / Take-down","L2",2015
"1491","Defense Tech / Take-down","L2",2015
"1492","Taser Exhibited ","L1",2015
"1493","Firearm Exhibited","L1",2015
"1494","Hands / Escort tech","L1",2015
"1495","Hands / Escort tech","L1",2015
"1496","Hands / Escort tech","L1",2015
"1497","Hands / Escort tech","L1",2015
"1498","Defense Tech / Take-down","L2",2015
"1499","Hands / Escort tech","L1",2015
"1500","Defense Tech / Take-down","L2",2015
"1501","Hands / Escort tech","L1",2015
"1502","Hands / Escort tech","L1",2015
"1503","Firearm Exhibited","L1",2015
"1504","Defense Tech / Take-down","L2",2015
"1505","Defense Tech / Take-down","L2",2015
"1506","Defense Tech / Take-down","L2",2015
"1507","Defense Tech / Take-down","L2",2015
"1508","Defense Tech / Take-down","L2",2015
"1509","Taser Exhibited ","L1",2015
"1510","Defense Tech / Take-down","L2",2015
"1511","Taser Exhibited ","L1",2015
"1512","Taser Exhibited ","L1",2015
"1513","Hands / Escort tech","L1",2015
"1514","Hands / Escort tech","L1",2015
"1515","Hands / Escort tech","L1",2015
"1516","Defense Tech / Take-down","L2",2015
"1517","Defense Tech / Take-down","L2",2015
"1518","Firearm Exhibited","L1",2015
"1519","Firearm Exhibited","L1",2015
"1520","Defense Tech / Take-down","L2",2015
"1521","Firearm Exhibited","L1",2015
"1522","Firearm Exhibited","L1",2015
"1523","Firearm Exhibited","L1",2015
"1524","Firearm Exhibited","L1",2015
"1525","Taser Exhibited ","L1",2015
"1526","Firearm Exhibited","L1",2015
"1527","Firearm Exhibited","L1",2015
"1528","Firearm Exhibited","L1",2015
"1529","Firearm Exhibited","L1",2015
"1530","Firearm Exhibited","L1",2015
"1531","Firearm Exhibited","L1",2015
"1532","Firearm Exhibited","L1",2015
"1533","Firearm Exhibited","L1",2015
"1534","Firearm Exhibited","L1",2015
"1535","Firearm Exhibited","L1",2015
"1536","Firearm Exhibited","L1",2015
"1537","Firearm Exhibited","L1",2015
"1538","Firearm Exhibited","L1",2015
"1539","Hands / Escort tech","L1",2015
"1540","Hands / Escort tech","L1",2015
"1541","Hands / Escort tech","L1",2015
"1542","Hands / Escort tech","L1",2015
"1543","Hands / Escort tech","L1",2015
"1544","Defense Tech / Take-down","L2",2015
"1545","Defense Tech / Take-down","L2",2015
"1546","Defense Tech / Take-down","L2",2015
"1547","Hands / Escort tech","L1",2015
"1548","Defense Tech / Take-down","L2",2015
"1549","Hands / Escort tech","L1",2015
"1550","Firearm Exhibited","L1",2015
"1551","Taser Exhibited ","L1",2015
"1552","Firearm Exhibited","L1",2015
"1553","Firearm Exhibited","L1",2015
"1554","Firearm Exhibited","L1",2015
"1555","Firearm Exhibited","L1",2015
"1556","Firearm Exhibited","L1",2015
"1557","Firearm Exhibited","L1",2015
"1558","Taser Exhibited ","L1",2015
"1559","Taser Exhibited ","L1",2015
"1560","Taser No-Hit","L2",2015
"1561","Hands / Escort tech","L1",2015
"1562","Firearm Exhibited","L1",2015
"1563","Firearm Exhibited","L1",2015
"1564","Firearm Exhibited","L1",2015
"1565","Firearm Exhibited","L1",2015
"1566","Firearm Exhibited","L1",2015
"1567","Firearm Exhibited","L1",2015
"1568","Firearm Exhibited","L1",2015
"1569","Firearm Exhibited","L1",2015
"1570","Hands / Escort tech","L1",2015
"1571","Hands / Escort tech","L1",2015
"1572","Taser Exhibited ","L1",2015
"1573","Taser No-Hit","L2",2015
"1574","Hands / Escort tech","L1",2015
"1575","Hands / Escort tech","L1",2015
"1576","Hands / Escort tech","L1",2015
"1577","Defense Tech / Take-down","L2",2015
"1578","Defense Tech / Take-down","L2",2015
"1579","Defense Tech / Take-down","L2",2015
"1580","Defense Tech / Take-down","L2",2015
"1581","Defense Tech / Take-down","L2",2015
"1582","Firearm Exhibited","L1",2015
"1583","Firearm Exhibited","L1",2015
"1584","Firearm Exhibited","L1",2015
"1585","Firearm Exhibited","L1",2015
"1586","Firearm Exhibited","L1",2015
"1587","Firearm Exhibited","L1",2015
"1588","Firearm Exhibited","L1",2015
"1589","Firearm Exhibited","L1",2015
"1590","Defense Tech / Take-down","L2",2015
"1591","Firearm Exhibited","L1",2015
"1592","Taser No-Hit","L2",2015
"1593","Taser No-Hit","L2",2015
"1594","Firearm Exhibited","L1",2015
"1595","Firearm Exhibited","L1",2015
"1596","Firearm Exhibited","L1",2015
"1597","Firearm Exhibited","L1",2015
"1598","Hands / Escort tech","L1",2015
"1599","Hands / Escort tech","L1",2015
"1600","Hands / Escort tech","L1",2015
"1601","Hands / Escort tech","L1",2015
"1602","Defense Tech / Take-down","L2",2015
"1603","Defense Tech / Take-down","L2",2015
"1604","Firearm Exhibited","L1",2015
"1605","Firearm Exhibited","L1",2015
"1606","Firearm Exhibited","L1",2015
"1607","Taser No-Hit","L2",2015
"1608","Taser No-Hit","L2",2015
"1609","Taser No-Hit","L2",2015
"1610","Taser No-Hit","L2",2015
"1611","Taser No-Hit","L2",2015
"1612","Defense Tech / Take-down","L2",2015
"1613","Firearm Exhibited","L1",2015
"1614","Firearm Exhibited","L1",2015
"1615","Firearm Exhibited","L1",2015
"1616","Hands / Escort tech","L1",2015
"1617","Defense Tech / Take-down","L2",2015
"1618","Hands / Escort tech","L1",2015
"1619","Hands / Escort tech","L1",2015
"1620","Firearm Exhibited","L1",2015
"1621","Firearm Exhibited","L1",2015
"1622","Firearm Exhibited","L1",2015
"1623","Hands / Escort tech","L1",2015
"1624","Hands / Escort tech","L1",2015
"1625","Hands / Escort tech","L1",2015
"1626","Firearm Exhibited","L1",2015
"1627","Hands / Escort tech","L1",2015
"1628","Defense Tech / Take-down","L2",2015
"1629","Defense Tech / Take-down","L2",2015
"1630","Defense Tech / Take-down","L2",2015
"1631","Firearm Exhibited","L1",2015
"1632","Firearm Exhibited","L1",2015
"1633","Firearm Exhibited","L1",2015
"1634","Firearm Exhibited","L1",2015
"1635","Firearm Exhibited","L1",2015
"1636","Firearm Exhibited","L1",2015
"1637","Hands / Escort tech","L1",2015
"1638","Defense Tech / Take-down","L2",2015
"1639","Hands / Escort tech","L1",2015
"1640","Firearm Exhibited","L1",2015
"1641","Firearm Exhibited","L1",2015
"1642","Firearm Exhibited","L1",2015
"1643","Firearm Exhibited","L1",2015
"1644","Firearm Exhibited","L1",2015
"1645","Firearm Exhibited","L1",2015
"1646","Firearm Exhibited","L1",2015
"1647","Firearm Exhibited","L1",2015
"1648","Canine (No Bite)","L1",2015
"1649","Firearm Exhibited","L1",2015
"1650","Firearm Exhibited","L1",2015
"1651","Firearm Exhibited","L1",2015
"1652","Taser No-Hit","L2",2015
"1653","Taser No-Hit","L2",2015
"1654","Taser Exhibited ","L1",2015
"1655","Defense Tech / Take-down","L2",2015
"1656","Taser Exhibited ","L1",2015
"1657","Taser Exhibited ","L1",2015
"1658","Firearm Exhibited","L1",2015
"1659","Hands / Escort tech","L1",2015
"1660","Hands / Escort tech","L1",2015
"1661","Hands / Escort tech","L1",2015
"1662","Firearm Exhibited","L1",2015
"1663","Firearm Exhibited","L1",2015
"1664","Taser Exhibited ","L1",2015
"1665","Head strike while Hancuffed","L4",2015
"1666","Firearm Exhibited","L1",2015
"1667","Firearm Exhibited","L1",2015
"1668","Firearm Exhibited","L1",2015
"1669","Firearm Exhibited","L1",2015
"1670","Firearm Exhibited","L1",2015
"1671","Firearm Exhibited","L1",2015
"1672","Firearm Exhibited","L1",2015
"1673","Firearm Exhibited","L1",2015
"1674","Firearm Exhibited","L1",2015
"1675","Firearm Exhibited","L1",2015
"1676","Firearm Exhibited","L1",2015
"1677","Firearm Exhibited","L1",2015
"1678","Not reported","Not reported",2015
"1679","Hands / Escort tech","L1",2015
"1680","Defense Tech / Take-down","L2",2015
"1681","Taser Exhibited ","L1",2015
"1682","Defense Tech / Take-down","L2",2015
"1683","Firearm Discharged","L4",2015
"1684","Hands / Escort tech","L1",2015
"1685","L1-Other","L1",2015
"1686","Taser No-Hit","L2",2015
"1687","Taser No-Hit","L2",2015
"1688","Firearm Exhibited","L1",2015
"1689","Firearm Exhibited","L1",2015
"1690","Firearm Exhibited","L1",2015
"1691","Firearm Exhibited","L1",2015
"1692","Firearm Exhibited","L1",2015
"1693","Firearm Exhibited","L1",2015
"1694","Firearm Exhibited","L1",2015
"1695","Firearm Exhibited","L1",2015
"1696","Firearm Exhibited","L1",2015
"1697","Firearm Exhibited","L1",2015
"1698","Firearm Exhibited","L1",2015
"1699","Firearm Exhibited","L1",2015
"1700","Firearm Exhibited","L1",2015
"1701","Firearm Exhibited","L1",2015
"1702","Defense Tech / Take-down","L2",2015
"1703","Defense Tech / Take-down","L2",2015
"1704","Defense Tech / Take-down","L2",2015
"1705","Defense Tech / Take-down","L2",2015
"1706","Hands / Escort tech","L1",2015
"1707","Hands / Escort tech","L1",2015
"1708","Hands / Escort tech","L1",2015
"1709","Firearm Exhibited","L1",2015
"1710","Firearm Exhibited","L1",2015
"1711","Firearm Exhibited","L1",2015
"1712","Taser Exhibited ","L1",2015
"1713","Firearm Exhibited","L1",2015
"1714","Firearm Exhibited","L1",2015
"1715","Firearm Exhibited","L1",2015
"1716","Firearm Exhibited","L1",2015
"1717","L2-Other","L2",2015
"1718","Taser No-Hit","L2",2015
"1719","Defense Tech / Take-down","L2",2015
"1720","Hands / Escort tech","L1",2015
"1721","Firearm Exhibited","L1",2015
"1722","Hands / Escort tech","L1",2015
"1723","Hands / Escort tech","L1",2015
"1724","L1-Other","L1",2015
"1725","Hands / Escort tech","L1",2015
"1726","Hands / Escort tech","L1",2015
"1727","Taser No-Hit","L2",2015
"1728","Firearm Exhibited","L1",2015
"1729","Firearm Exhibited","L1",2015
"1730","Taser Exhibited ","L1",2015
"1731","Hands / Escort tech","L1",2015
"1732","Firearm Exhibited","L1",2015
"1733","Firearm Exhibited","L1",2015
"1734","Firearm Exhibited","L1",2015
"1735","Firearm Exhibited","L1",2015
"1736","Firearm Exhibited","L1",2015
"1737","Firearm Exhibited","L1",2015
"1738","Firearm Exhibited","L1",2015
"1739","Firearm Exhibited","L1",2015
"1740","Firearm Exhibited","L1",2015
"1741","Firearm Exhibited","L1",2015
"1742","Firearm Exhibited","L1",2015
"1743","Firearm Exhibited","L1",2015
"1744","Firearm Exhibited","L1",2015
"1745","Firearm Exhibited","L1",2015
"1746","Firearm Exhibited","L1",2015
"1747","Firearm Exhibited","L1",2015
"1748","Hands / Escort tech","L1",2015
"1749","Taser Hit","L4",2015
"1750","Hands / Escort tech","L1",2015
"1751","Hands / Escort tech","L1",2015
"1752","Taser No-Hit","L2",2015
"1753","Canine (No Bite)","L1",2015
"1754","Firearm Exhibited","L1",2015
"1755","Firearm Exhibited","L1",2015
"1756","Canine (No Bite)","L1",2015
"1757","Firearm Exhibited","L1",2015
"1758","Defense Tech / Take-down","L2",2015
"1759","Taser Exhibited ","L1",2015
"1760","Firearm Exhibited","L1",2015
"1761","Taser No-Hit","L2",2015
"1762","Firearm Exhibited","L1",2015
"1763","Taser Exhibited ","L1",2015
"1764","Taser No-Hit","L2",2015
"1765","Hands / Escort tech","L1",2015
"1766","Firearm Exhibited","L1",2015
"1767","Hands / Escort tech","L1",2015
"1768","Taser No-Hit","L2",2015
"1769","Hands / Escort tech","L1",2015
"1770","Defense Tech / Take-down","L2",2015
"1771","Hands / Escort tech","L1",2015
"1772","Hands / Escort tech","L1",2015
"1773","Taser Exhibited ","L1",2015
"1774","Taser Exhibited ","L1",2015
"1775","Hands / Escort tech","L1",2015
"1776","Hands / Escort tech","L1",2015
"1777","Taser No-Hit","L2",2015
"1778","Taser No-Hit","L2",2015
"1779","Defense Tech / Take-down","L2",2015
"1780","Hands / Escort tech","L1",2015
"1781","Hands / Escort tech","L1",2015
"1782","Taser Exhibited ","L1",2015
"1783","Firearm Exhibited","L1",2015
"1784","Hands / Escort tech","L1",2015
"1785","Hands / Escort tech","L1",2015
"1786","Hands / Escort tech","L1",2015
"1787","Defense Tech / Take-down","L2",2015
"1788","Defense Tech / Take-down","L2",2015
"1789","Defense Tech / Take-down","L2",2015
"1790","Hands / Escort tech","L1",2015
"1791","Hands / Escort tech","L1",2015
